Vakansiya,Şirkət,Link
N/A,PREMİUM,
N/A,E,
N/A,PREMİUM,
N/A,PREMİUM,
N/A,H,
N/A,E,
N/A,L,
N/A,PREMİUM,
N/A,E,
N/A,PREMİUM,
N/A,PREMİUM,
N/A,PREMİUM,
N/A,T,
N/A,PREMİUM,
N/A,PREMİUM,
N/A,PREMİUM,
N/A,İ,
N/A,H,
N/A,H,
N/A,PREMİUM,
N/A,PREMİUM,
N/A,V,
N/A,PREMİUM,
N/A,PREMİUM,
N/A,PREMİUM,
N/A,PREMİUM,
N/A,I,
N/A,L,
N/A,I,
N/A,PREMİUM,
N/A,Uzaqdan,
N/A,Ş,
N/A,H,
N/A,PREMİUM,
N/A,PREMİUM,
N/A,PREMİUM,
N/A,Təcrübəçi,
N/A,Yarım-ştat,
N/A,U,
N/A,PREMİUM,
N/A,A,
N/A,B,
N/A,A,
N/A,B,
N/A,PREMİUM,
N/A,PREMİUM,
N/A,PREMİUM,
N/A,A,
N/A,S,
N/A,P,
N/A,I,
N/A,M,
N/A,I,
N/A,N/A,
N/A,N/A,
N/A,N/A,
N/A,T,
N/A,C,
N/A,N/A,
N/A,N/A,
N/A,N/A,
N/A,N/A,
N/A,N/A,
N/A,N/A,
N/A,N/A,
N/A,N/A,
N/A,N/A,
N/A,N/A,
N/A,N/A,
N/A,N/A,
N/A,N/A,
N/A,N/A,
N/A,N/A,
N/A,N/A,
N/A,N/A,
N/A,N/A,
N/A,N/A,
N/A,N/A,
N/A,N/A,
N/A,N/A,
N/A,N/A,
